key,key:userAccount,licenseNumber,phoneNumber,specialisation,annualHealthTestPassed,yearsOfExperience,certification
#base-entity
technician-00,user-account-technician-00,ABC123456,+275092265331,Lorem ipsum dolor sit ame,true,50,Lorem ipsum dolor sit amet- consectetur adipiscing elit. Sed do: eiusmod tempor incididunt ut labore et dolore magna aliqua! Ut*
#licenseNumber
technician-01,user-account-technician-01,CD234567,+275092265331,Lorem ipsum dolor sit ame,true,50,Lorem ipsum dolor sit amet- consectetur adipiscing elit. Sed do: eiusmod tempor incididunt ut labore et dolore magna aliqua! Ut*
technician-02,user-account-technician-02,EF345678,+275092265331,Lorem ipsum dolor sit ame,true,50,Lorem ipsum dolor sit amet- consectetur adipiscing elit. Sed do: eiusmod tempor incididunt ut labore et dolore magna aliqua! Ut*
technician-04,user-account-technician-04,GH456789,+275092265331,Lorem ipsum dolor sit ame,true,50,Lorem ipsum dolor sit amet- consectetur adipiscing elit. Sed do: eiusmod tempor incididunt ut labore et dolore magna aliqua! Ut*
#phoneNumber
technician-05,user-account-technician-04,IJ567890,+111111111111,Lorem ipsum dolor sit ame,true,50,Lorem ipsum dolor sit amet- consectetur adipiscing elit. Sed do: eiusmod tempor incididunt ut labore et dolore magna aliqua! Ut*
technician-06,user-account-technician-04,KL678901,+214672265331,Lorem ipsum dolor sit ame,true,50,Lorem ipsum dolor sit amet- consectetur adipiscing elit. Sed do: eiusmod tempor incididunt ut labore et dolore magna aliqua! Ut*
technician-07,user-account-technician-04,MN789012,+999999999999,Lorem ipsum dolor sit ame,true,50,Lorem ipsum dolor sit amet- consectetur adipiscing elit. Sed do: eiusmod tempor incididunt ut labore et dolore magna aliqua! Ut*
#specialisation
technician-08,user-account-technician-04,OP890123,+275092265331,L,true,50,Lorem ipsum dolor sit amet- consectetur adipiscing elit. Sed do: eiusmod tempor incididunt ut labore et dolore magna aliqua! Ut*
technician-09,user-account-technician-04,QR901234,+275092265331,Lo,true,50,Lorem ipsum dolor sit amet- consectetur adipiscing elit. Sed do: eiusmod tempor incididunt ut labore et dolore magna aliqua! Ut*
technician-10,user-account-technician-04,ST012345,+275092265331,Lorem ipsum dolor sit amet consectetur adipiscin,true,50,Lorem ipsum dolor sit amet- consectetur adipiscing elit. Sed do: eiusmod tempor incididunt ut labore et dolore magna aliqua! Ut*
technician-11,user-account-technician-04,UV123456,+275092265331,Lorem ipsum dolor sit amet consectetur adipiscing,true,50,Lorem ipsum dolor sit amet- consectetur adipiscing elit. Sed do: eiusmod tempor incididunt ut labore et dolore magna aliqua! Ut*
technician-12,user-account-technician-04,WX234567,+275092265331,โลเร็ม อิปซัม,true,50,Lorem ipsum dolor sit amet- consectetur adipiscing elit. Sed do: eiusmod tempor incididunt ut labore et dolore magna aliqua! Ut*
technician-13,user-account-technician-04,YZ345678,+275092265331,لوريم إيبسوم,true,50,Lorem ipsum dolor sit amet- consectetur adipiscing elit. Sed do: eiusmod tempor incididunt ut labore et dolore magna aliqua! Ut*
technician-14,user-account-technician-04,AA456789,+275092265331,洛伦·伊普森,true,50,Lorem ipsum dolor sit amet- consectetur adipiscing elit. Sed do: eiusmod tempor incididunt ut labore et dolore magna aliqua! Ut*
technician-15,user-account-technician-04,BB567890,+275092265331,<marquee>Hacked</marquee>,true,50,Lorem ipsum dolor sit amet- consectetur adipiscing elit. Sed do: eiusmod tempor incididunt ut labore et dolore magna aliqua! Ut*
technician-16,user-account-technician-04,CC678901,+275092265331,<script>alert(‘Hacked!’);</script>,true,50,Lorem ipsum dolor sit amet- consectetur adipiscing elit. Sed do: eiusmod tempor incididunt ut labore et dolore magna aliqua! Ut*
technician-17,user-account-technician-04,DD789012,+275092265331,' or 'A' = 'A,true,50,Lorem ipsum dolor sit amet- consectetur adipiscing elit. Sed do: eiusmod tempor incididunt ut labore et dolore magna aliqua! Ut*
#annualHealthTestPassed
technician-18,user-account-technician-04,EE890123,+275092265331,Lorem ipsum dolor sit ame,false,50,Lorem ipsum dolor sit amet- consectetur adipiscing elit. Sed do: eiusmod tempor incididunt ut labore et dolore magna aliqua! Ut*
technician-19,user-account-technician-04,FF901234,+275092265331,Lorem ipsum dolor sit ame,true,50,Lorem ipsum dolor sit amet- consectetur adipiscing elit. Sed do: eiusmod tempor incididunt ut labore et dolore magna aliqua! Ut*
#yearsOfExperience
technician-20,user-account-technician-04,GG012345,+275092265331,Lorem ipsum dolor sit ame,true,0,Lorem ipsum dolor sit amet- consectetur adipiscing elit. Sed do: eiusmod tempor incididunt ut labore et dolore magna aliqua! Ut*
technician-21,user-account-technician-04,HH123456,+275092265331,Lorem ipsum dolor sit ame,true,1,Lorem ipsum dolor sit amet- consectetur adipiscing elit. Sed do: eiusmod tempor incididunt ut labore et dolore magna aliqua! Ut*
technician-22,user-account-technician-04,II234567,+275092265331,Lorem ipsum dolor sit ame,true,99,Lorem ipsum dolor sit amet- consectetur adipiscing elit. Sed do: eiusmod tempor incididunt ut labore et dolore magna aliqua! Ut*
technician-23,user-account-technician-04,JJ345678,+275092265331,Lorem ipsum dolor sit ame,true,100,Lorem ipsum dolor sit amet- consectetur adipiscing elit. Sed do: eiusmod tempor incididunt ut labore et dolore magna aliqua! Ut*
#Certification
technician-24,user-account-technician-04,KK456789,+275092265331,Lorem ipsum dolor sit ame,true,50,L
technician-25,user-account-technician-04,LL567890,+275092265331,Lorem ipsum dolor sit ame,true,50,Lo
technician-26,user-account-technician-04,MM678901,+275092265331,Lorem ipsum dolor sit ame,true,50,"Lorem ipsum dolor sit amet, consectetur adipiscing elit. Sed do: eiusmod tempor incididunt ut labore et dolore magna aliqua! Ut enim ad minim veniam? Quis nostrud exercitation ullamco laboris nisi ut aliquip ex ea commodo consequat. Duis aute irure dolor"
technician-27,user-account-technician-04,NN789012,+275092265331,Lorem ipsum dolor sit ame,true,50,"Lorem ipsum dolor sit amet, consectetur adipiscing elit. Sed do: eiusmod tempor incididunt ut labore et dolore magna aliqua! Ut enim ad minim veniam? Quis nostrud exercitation ullamco laboris nisi ut aliquip ex ea commodo consequat. Duis aute irure dolor*"
technician-28,user-account-technician-04,OO890123,+275092265331,Lorem ipsum dolor sit ame,true,50,โลเร็ม อิปซัม
technician-29,user-account-technician-04,PP901234,+275092265331,Lorem ipsum dolor sit ame,true,50,لوريم إيبسوم
technician-30,user-account-technician-04,QQ012345,+275092265331,Lorem ipsum dolor sit ame,true,50,洛伦·伊普森
technician-31,user-account-technician-04,RR123456,+275092265331,Lorem ipsum dolor sit ame,true,50,<marquee>Hacked</marquee>
technician-32,user-account-technician-04,SS234567,+275092265331,Lorem ipsum dolor sit ame,true,50,<script>alert(‘Hacked!’);</script>
technician-33,user-account-technician-04,TT345678,+275092265331,Lorem ipsum dolor sit ame,true,50,' or 'A' = 'A
